,namePlayer,value
0,Bogdan Bogdanovic,18000000.0
1,Bogdan Bogdanovic,18000000.0
2,Bogdan Bogdanovic,18000000.0
3,Bogdan Bogdanovic,18000000.0
4,Brandon Goodwin,1701593.0
5,Brandon Goodwin,2126991.0
6,Bruno Fernando,1517981.0
7,Bruno Fernando,1782621.0
8,Bruno Fernando,2228276.0
9,Cam Reddish,4458000.0
10,Cam Reddish,4670160.0
11,Cam Reddish,5954454.0
12,Cam Reddish,8109966.0
13,Clint Capela,16000000.0
14,Clint Capela,17103448.0
15,Clint Capela,18206896.0
16,Danilo Gallinari,19500000.0
17,Danilo Gallinari,20475000.0
18,Danilo Gallinari,21450000.0
19,De'Andre Hunter,7422000.0
20,De'Andre Hunter,7775400.0
21,De'Andre Hunter,9835881.0
22,De'Andre Hunter,12973527.0
23,John Collins,4137302.0
24,John Collins,7705447.0
25,Kevin Huerter,2761920.0
26,Kevin Huerter,4253357.0
27,Kevin Huerter,6065287.0
28,Khyri Thomas,744684.0
29,Kris Dunn,4767000.0
30,Kris Dunn,5005350.0
31,Lou Williams,8000000.0
32,Onyeka Okongwu,5813640.0
33,Onyeka Okongwu,6104280.0
34,Onyeka Okongwu,6395160.0
35,Onyeka Okongwu,8109063.0
36,Onyeka Okongwu,10817490.0
37,Solomon Hill,1620564.0
38,Tony Snell,12178571.0
39,Trae Young,6571800.0
40,Trae Young,8326471.0
41,Trae Young,11040900.0
42,Aaron Nesmith,3458400.0
43,Aaron Nesmith,3631200.0
44,Aaron Nesmith,3804360.0
45,Aaron Nesmith,5634257.0
46,Aaron Nesmith,7837251.0
47,Carsen Edwards,1517981.0
48,Carsen Edwards,1782621.0
49,Carsen Edwards,1930681.0
50,Demetrius Jackson,92857.0
51,Demetrius Jackson,92857.0
52,Demetrius Jackson,92857.0
53,Demetrius Jackson,92857.0
54,Evan Fournier,17450000.0
55,Grant Williams,2498760.0
56,Grant Williams,2617800.0
57,Grant Williams,4306281.0
58,Grant Williams,6235495.0
59,Guerschon Yabusele,1039080.0
60,Guerschon Yabusele,1039080.0
61,Jaylen Brown,23437500.0
62,Jaylen Brown,25312500.0
63,Jaylen Brown,27187500.0
64,Jaylen Brown,29062501.0
65,Jayson Tatum,9897120.0
66,Jayson Tatum,28103500.0
67,Jayson Tatum,30351780.0
68,Jayson Tatum,32600060.0
69,Jayson Tatum,34848340.0
70,Kemba Walker,34379100.0
71,Kemba Walker,36016200.0
72,Kemba Walker,37653300.0
73,Luke Kornet,2250000.0
74,Marcus Smart,13446428.0
75,Marcus Smart,14339285.0
76,Moritz Wagner,2161920.0
77,Payton Pritchard,2035800.0
78,Payton Pritchard,2137440.0
79,Payton Pritchard,2239200.0
80,Payton Pritchard,4037277.0
81,Payton Pritchard,5959022.0
82,Robert Williams,2029920.0
83,Robert Williams,3661976.0
84,Robert Williams,5430710.0
85,Romeo Langford,3631200.0
86,Romeo Langford,3804360.0
87,Romeo Langford,5634257.0
88,Romeo Langford,7837251.0
89,Semi Ojeleye,1752950.0
90,Tacko Fall,1669178.0
91,Tremont Waters,1669178.0
92,Tristan Thompson,9258000.0
93,Tristan Thompson,9720900.0
94,Alize Johnson,110998.0
95,Andre Roberson,163818.0
96,Blake Griffin,776873.0
97,Bruce Brown Jr,1663861.0
98,Bruce Brown Jr,4736102.0
99,Chris Chiozza,1729217.0
100,DeAndre Jordan,10375678.0
101,DeAndre Jordan,9881598.0
102,DeAndre Jordan,9821842.0
103,Iman Shumpert,447155.0
104,James Harden,41254920.0
105,James Harden,44310840.0
106,James Harden,47366760.0
107,Jeff Green,1620564.0
108,Joe Harris,16071429.0
109,Joe Harris,17357143.0
110,Joe Harris,18642857.0
111,Joe Harris,19928571.0
112,Kevin Durant,40108950.0
113,Kevin Durant,42018900.0
114,Kevin Durant,43928850.0
115,Kyrie Irving,33460350.0
116,Kyrie Irving,35053700.0
117,Kyrie Irving,36647050.0
118,LaMarcus Aldridge,554988.0
119,Landry Shamet,2090040.0
120,Landry Shamet,3768342.0
121,Landry Shamet,5562073.0
122,Nicolas Claxton,1517981.0
123,Nicolas Claxton,1782621.0
124,Nicolas Claxton,2228276.0
125,Noah Vonleh,263995.0
126,Norvel Pelle,217845.0
127,Spencer Dinwiddie,11454048.0
128,Spencer Dinwiddie,12302496.0
129,Timothe LuwawuCabarrot,1824003.0
130,Tyler Cook,99020.0
131,Tyler Johnson,1620564.0
132,Bismack Biyombo,3500000.0
133,Brad Wanamaker,2250000.0
134,Brad Wanamaker,2812500.0
135,Caleb Martin,1517981.0
136,Caleb Martin,1782621.0
137,Caleb Martin,2228821.0
138,Cody Martin,1517981.0
139,Cody Martin,1782621.0
140,Cody Martin,2228821.0
141,Cody Zeller,15415730.0
142,Devonte' Graham,1663861.0
143,Devonte' Graham,4736102.0
144,Gordon Hayward,28500000.0
145,Gordon Hayward,29925000.0
146,Gordon Hayward,30075000.0
147,Gordon Hayward,31500000.0
148,Jalen McDaniels,1517981.0
149,Jalen McDaniels,1782621.0
150,Jalen McDaniels,1930681.0
151,LaMelo Ball,7839960.0
152,LaMelo Ball,8231760.0
153,LaMelo Ball,8623920.0
154,LaMelo Ball,10900635.0
155,LaMelo Ball,14301633.0
156,Malik Monk,5345687.0
157,Malik Monk,7318246.0
158,Miles Bridges,3934320.0
159,Miles Bridges,5421493.0
160,Miles Bridges,7459974.0
161,Nick Richards,1000000.0
162,Nick Richards,1517981.0
163,Nick Richards,1782621.0
164,Nick Richards,2228270.0
165,Nicolas Batum,9043478.0
166,Nicolas Batum,9043478.0
167,Nicolas Batum,9043478.0
168,PJ Washington,4023600.0
169,PJ Washington,4215120.0
170,PJ Washington,5808435.0
171,PJ Washington,7992407.0
172,Terry Rozier,18900000.0
173,Terry Rozier,17905263.0
174,Vernon Carey Jr,1350000.0
175,Vernon Carey Jr,1517981.0
176,Vernon Carey Jr,1782621.0
177,Vernon Carey Jr,1930681.0
178,Adam Mokoka,1669178.0
179,AlFarouq Aminu,9720900.0
180,AlFarouq Aminu,10183800.0
181,Coby White,5572680.0
182,Coby White,5837760.0
183,Coby White,7413955.0
184,Coby White,9942114.0
185,Cristiano Felicio,7529020.0
186,Daniel Theis,5000000.0
187,Denzel Valentine,4642800.0
188,Garrett Temple,4767000.0
189,Javonte Green,1517981.0
190,Javonte Green,1897476.0
191,Lauri Markkanen,6731508.0
192,Lauri Markkanen,9026852.0
193,Nikola Vucevic,26000000.0
194,Nikola Vucevic,24000000.0
195,Nikola Vucevic,22000000.0
196,Noah Vonleh  W,97261.0
197,Patrick Williams,7068360.0
198,Patrick Williams,7422000.0
199,Patrick Williams,7775400.0
200,Patrick Williams,9835881.0
201,Patrick Williams,12973527.0
202,Ryan Arcidiacono,3000000.0
203,Ryan Arcidiacono,3000000.0
204,Thaddeus Young,13545000.0
205,Thaddeus Young,14190000.0
206,Tomas Satoransky,10000000.0
207,Tomas Satoransky,10000000.0
208,Troy Brown Jr,3372840.0
209,Troy Brown Jr,5170564.0
210,Troy Brown Jr,7228448.0
211,Zach LaVine,19500000.0
212,Zach LaVine,19500000.0
213,Andre Drummond,27957238.0
214,Cedi Osman,8840580.0
215,Cedi Osman,8133334.0
216,Cedi Osman,7426088.0
217,Cedi Osman,6718842.0
218,Collin Sexton,4991880.0
219,Collin Sexton,6349671.0
220,Collin Sexton,8559357.0
221,Damyean Dotson,2000000.0
222,Damyean Dotson,2000000.0
223,Darius Garland,6720720.0
224,Darius Garland,7040880.0
225,Darius Garland,8920795.0
226,Darius Garland,11828974.0
227,Dean Wade,1517981.0
228,Dean Wade,1782621.0
229,Dean Wade,1930681.0
230,Dylan Windler,2137440.0
231,Dylan Windler,2239200.0
232,Dylan Windler,4037278.0
233,Dylan Windler,5959022.0
234,Isaac Okoro,6400920.0
235,Isaac Okoro,6720720.0
236,Isaac Okoro,7040880.0
237,Isaac Okoro,8920795.0
238,Isaac Okoro,11828974.0
239,Isaiah Hartenstein,1620564.0
240,Isaiah Hartenstein,1762796.0
241,Jarrett Allen,3909902.0
242,Jarrett Allen,7705447.0
243,JR Smith,1456667.0
244,JR Smith,1456667.0
245,Kevin Love,31258256.0
246,Kevin Love,31258256.0
247,Kevin Love,28942830.0
248,Larry Nance Jr,11709091.0
249,Larry Nance Jr,10690909.0
250,Larry Nance Jr,9672727.0
251,Matthew Dellavedova,1620564.0
252,Quinn Cook,110998.0
253,Quinn Cook  E,110998.0
254,Rayjon Tucker,340000.0
255,Taurean Prince,12250000.0
256,Taurean Prince,13000000.0
257,Thon Maker,309355.0
258,Yogi Ferrell,110998.0
259,Boban Marjanovic,3500000.0
260,Dorian FinneySmith,4000000.0
261,Dorian FinneySmith,4000000.0
262,Dwight Powell,11080125.0
263,Dwight Powell,11080125.0
264,Dwight Powell,11080125.0
265,Jalen Brunson,1663861.0
266,Jalen Brunson,1802057.0
267,JJ Barea,1620564.0
268,JJ Redick,13013700.0
269,Josh Green,2816760.0
270,Josh Green,2957520.0
271,Josh Green,3098400.0
272,Josh Green,4765339.0
273,Josh Green,6762016.0
274,Josh Richardson,10865952.0
275,Josh Richardson,11615328.0
276,Kristaps Porzingis,29467800.0
277,Kristaps Porzingis,31650600.0
278,Kristaps Porzingis,33833400.0
279,Kristaps Porzingis,36016200.0
280,Luka Doncic,8049360.0
281,Luka Doncic,10174391.0
282,Luka Doncic,13348801.0
283,Maxi Kleber,8325000.0
284,Maxi Kleber,8825000.0
285,Maxi Kleber,9075000.0
286,Nicolo Melli,3897436.0
287,Nicolo Melli,4871795.0
288,Tim Hardaway Jr,18975000.0
289,Trey Burke,3000000.0
290,Trey Burke,3150000.0
291,Trey Burke,3300000.0
292,Tyrell Terry,1289846.0
293,Tyrell Terry,1617981.0
294,Tyrell Terry,1782981.0
295,Tyrell Terry,1930681.0
296,Willie CauleyStein,4100000.0
297,Willie CauleyStein,4100000.0
298,Aaron Gordon,18136364.0
299,Aaron Gordon,16409091.0
300,Bol Manute Bol,2058240.0
301,Bol Manute Bol,2161152.0
302,Bol Manute Bol,2701440.0
303,Facundo Campazzo,3200000.0
304,Facundo Campazzo,3200000.0
305,Facundo Campazzo,4000000.0
306,Gary Clark,2000000.0
307,Gary Clark,2100000.0
308,Jamal Murray,27285000.0
309,Jamal Murray,29467800.0
310,Jamal Murray,31650600.0
311,Jamal Murray,33833400.0
312,Jamal Murray,36016200.0
313,JaMychal Green,7199760.0
314,JaMychal Green,7559748.0
315,JaVale McGee,4200000.0
316,Michael Porter Jr,3550800.0
317,Michael Porter Jr,5258735.0
318,Michael Porter Jr,7314900.0
319,Monte Morris,1723707.0
320,Monte Morris,8449074.0
321,Monte Morris,9125000.0
322,Monte Morris,9800926.0
323,Nikola Jokic,29542010.0
324,Nikola Jokic,31579390.0
325,Nikola Jokic,33616770.0
326,Paul Millsap,10000000.0
327,PJ Dozier,1762796.0
328,PJ Dozier,1910860.0
329,Vlatko Cancar,1517981.0
330,Vlatko Cancar,1782621.0
331,Vlatko Cancar,2228276.0
332,Will Barton,13723214.0
333,Will Barton,14669642.0
334,Zeke Nnaji,2379840.0
335,Zeke Nnaji,2498760.0
336,Zeke Nnaji,2617800.0
337,Zeke Nnaji,4306281.0
338,Zeke Nnaji,6235495.0
339,Blake Griffin,32670565.0
340,Blake Griffin,29764126.0
341,Cory Joseph,12600000.0
342,Cory Joseph,12600000.0
343,Deividas Sirvydis,898310.0
344,Deividas Sirvydis,1517981.0
345,Deividas Sirvydis,1782621.0
346,Deividas Sirvydis,2228276.0
347,Dennis Smith Jr,5686677.0
348,Dennis Smith Jr,7705447.0
349,Dewayne Dedmon,2866667.0
350,Dewayne Dedmon,2866667.0
351,Dewayne Dedmon,2866667.0
352,Dewayne Dedmon,2866666.0
353,Dewayne Dedmon,2866666.0
354,Dzanan Musa,2002800.0
355,Frank Jackson,1789256.0
356,Hamidou Diallo,1663861.0
357,Hamidou Diallo,2079826.0
358,Isaiah Stewart II,3121080.0
359,Isaiah Stewart II,3277080.0
360,Isaiah Stewart II,3433320.0
361,Isaiah Stewart II,5266713.0
362,Isaiah Stewart II,7399732.0
363,Jahlil Okafor,1882867.0
364,Jahlil Okafor,2130023.0
365,Jerami Grant,19050000.0
366,Jerami Grant,20002500.0
367,Jerami Grant,20955000.0
368,Josh Jackson,4767000.0
369,Josh Jackson,5005350.0
370,Killian Hayes,5307120.0
371,Killian Hayes,5572680.0
372,Killian Hayes,5837760.0
373,Killian Hayes,7413955.0
374,Killian Hayes,9942114.0
375,Mason Plumlee,8000000.0
376,Mason Plumlee,8137500.0
377,Mason Plumlee,8525000.0
378,Rodney McGruder,5192307.0
379,Rodney McGruder,5000000.0
380,Saddiq Bey,2689920.0
381,Saddiq Bey,2824320.0
382,Saddiq Bey,2959080.0
383,Saddiq Bey,4556983.0
384,Saddiq Bey,6498258.0
385,Sekou Doumbouya,3449400.0
386,Sekou Doumbouya,3613680.0
387,Sekou Doumbouya,5539771.0
388,Sekou Doumbouya,7744600.0
389,Tyler Cook  E,99020.0
390,Wayne Ellington,1620564.0
391,Zhaire Smith,1068200.0
392,Zhaire Smith,1068200.0
393,Zhaire Smith,1068200.0
394,Alen Smailagic,1517981.0
395,Alen Smailagic,1782621.0
396,Alen Smailagic,1930681.0
397,Andrew Wiggins,29542010.0
398,Andrew Wiggins,31579390.0
399,Andrew Wiggins,33616770.0
400,Damion Lee,1762796.0
401,Damion Lee,1910860.0
402,Draymond Green,22246956.0
403,Draymond Green,24026712.0
404,Draymond Green,25806468.0
405,Draymond Green,27586224.0
406,Eric Paschall,1517981.0
407,Eric Paschall,1782621.0
408,Eric Paschall,2228276.0
409,James Wiseman,8730240.0
410,James Wiseman,9166800.0
411,James Wiseman,9603360.0
412,James Wiseman,12119440.0
413,James Wiseman,15815869.0
414,Jordan Poole,2063280.0
415,Jordan Poole,2161440.0
416,Jordan Poole,3901399.0
417,Jordan Poole,5813085.0
418,Kelly Oubre,14375000.0
419,Kent Bazemore,1620564.0
420,Kevon Looney,4821429.0
421,Kevon Looney,5178572.0
422,Klay Thompson,35361360.0
423,Klay Thompson,37980720.0
424,Klay Thompson,40600080.0
425,Klay Thompson,43219440.0
426,Mychal Mulder,1517981.0
427,Mychal Mulder,1782621.0
428,Mychal Mulder,2228276.0
429,Shaun Livingston,666667.0
430,Shaun Livingston,666667.0
431,Stephen Curry,43006362.0
432,Stephen Curry,45780966.0
433,Avery Bradley,5635000.0
434,Avery Bradley,5916750.0
435,Ben McLemore,2283034.0
436,Bruno Caboclo,361256.0
437,Chris Clemons,1517981.0
438,Christian Wood,13015874.0
439,Christian Wood,13666667.0
440,Christian Wood,14317459.0
441,Dante Exum,9600000.0
442,Danuel House,3717000.0
443,Danuel House,3894000.0
444,DaQuan Jeffries,1445697.0
445,DaQuan Jeffries,1701593.0
446,DaQuan Jeffries,2126991.0
447,David Nwaba,1824003.0
448,DeMarcus Cousins,1620564.0
449,DJ Augustin,6666667.0
450,DJ Augustin,7000000.0
451,DJ Augustin,7333333.0
452,DJ Wilson,4548280.0
453,DJ Wilson,6422171.0
454,Eric Gordon,16869276.0
455,Eric Gordon,18218818.0
456,Eric Gordon,19568360.0
457,Eric Gordon,20917902.0
458,Jae'Sean Tate,1445697.0
459,Jae'Sean Tate,1517981.0
460,Jae'Sean Tate,1782621.0
461,Jae'Sean Tate,2228276.0
462,Jerian Grant,50000.0
463,John Wall,41254920.0
464,John Wall,44310840.0
465,John Wall,47366760.0
466,Kelly Olynyk,12819649.0
467,Kevin Porter Jr,1717981.0
468,Kevin Porter Jr,1782621.0
469,Kevin Porter Jr,3217631.0
470,Kevin Porter Jr,4826447.0
471,KJ Martin,898310.0
472,KJ Martin,1517981.0
473,KJ Martin,1782621.0
474,KJ Martin,1930681.0
475,Mason Jones,61528.0
476,Sterling Brown,1620564.0
477,Troy Williams,122741.0
478,Troy Williams,122741.0
479,Troy Williams,122741.0
480,Aaron Holiday,2345640.0
481,Aaron Holiday,3980551.0
482,Aaron Holiday,5791702.0
483,Brian Bowen II,1669178.0
484,Caris LeVert,16203704.0
485,Caris LeVert,17500000.0
486,Caris LeVert,18796296.0
487,Domantas Sabonis,19800000.0
488,Domantas Sabonis,19800000.0
489,Domantas Sabonis,19800000.0
490,Domantas Sabonis,20700000.0
491,Doug McDermott,7333333.0
492,Edmond Sumner,2160000.0
493,Edmond Sumner,2320000.0
494,Goga Bitadze,2957520.0
495,Goga Bitadze,3098400.0
496,Goga Bitadze,4765339.0
497,Goga Bitadze,6762016.0
498,JaKarr Sampson,1620564.0
499,Jalen Lecque,1517981.0
500,Jeremy Lamb,10500000.0
501,Jeremy Lamb,10500000.0
502,Justin Holiday,5720400.0
503,Justin Holiday,6006420.0
504,Justin Holiday,6292440.0
505,Kelan Martin,1445697.0
506,Kelan Martin,1701593.0
507,Kelan Martin,2126991.0
508,Malcolm Brogdon,20700000.0
509,Malcolm Brogdon,21700000.0
510,Malcolm Brogdon,22600000.0
511,Monta Ellis,2245400.0
512,Monta Ellis,2245400.0
513,Myles Turner,18000000.0
514,Myles Turner,18000000.0
515,Myles Turner,18000000.0
516,Oshae Brissett,99020.0
517,TJ McConnell,3500000.0
518,TJ Warren,12000000.0
519,TJ Warren,12940000.0
520,Amir Coffey,1669178.0
521,Daniel Oturu,898310.0
522,Daniel Oturu,1517981.0
523,Daniel Oturu,1919247.0
524,DeMarcus Cousins,110998.0
525,Ivica Zubac,7000000.0
526,Ivica Zubac,7518518.0
527,Ivica Zubac,7518518.0
528,Kawhi Leonard,34379100.0
529,Kawhi Leonard,36016200.0
530,Luke Kennard,5273826.0
531,Luke Kennard,12727273.0
532,Luke Kennard,13745455.0
533,Luke Kennard,14763636.0
534,Luke Kennard,14763636.0
535,Marcus Morris,14883721.0
536,Marcus Morris,15627907.0
537,Marcus Morris,16372093.0
538,Marcus Morris,17116279.0
539,Nicolas Batum,1620564.0
540,Patrick Beverley,13333333.0
541,Patrick Beverley,14320987.0
542,Patrick Patterson,3077704.0
543,Paul George,35450412.0
544,Paul George,39344900.0
545,Paul George,42492492.0
546,Paul George,45640084.0
547,Paul George,48787676.0
548,Rajon Rondo,8250000.0
549,Rajon Rondo,8250000.0
550,Reggie Jackson,1620564.0
551,Serge Ibaka,9258000.0
552,Serge Ibaka,9720900.0
553,Terance Mann,1517981.0
554,Terance Mann,1782621.0
555,Terance Mann,1930681.0
556,Alex Caruso,2750000.0
557,Alfonzo McKinnie,1762796.0
558,Alfonzo McKinnie,1910860.0
559,Alfonzo McKinnie,2165298.0
560,Andre Drummond,554988.0
561,Anthony Davis,32742000.0
562,Anthony Davis,35361360.0
563,Anthony Davis,37980720.0
564,Anthony Davis,40600080.0
565,Anthony Davis,43219440.0
566,Ben McLemore,455090.0
567,Damian Jones,110998.0
568,Damian Jones  E,110998.0
569,Dennis Schroder,16000000.0
570,Jared Dudley,1620564.0
571,Jordan Bell,580062.0
572,Kentavious CaldwellPope,12073020.0
573,Kentavious CaldwellPope,13038862.0
574,Kentavious CaldwellPope,14004703.0
575,Kostas Antetokounmpo,1729217.0
576,Kyle Kuzma,3562178.0
577,Kyle Kuzma,13000000.0
578,Kyle Kuzma,13000000.0
579,Kyle Kuzma,13000000.0
580,LeBron James,39219566.0
581,LeBron James,41180544.0
582,LeBron James,44474988.0
583,Luol Deng,5000000.0
584,Luol Deng,5000000.0
585,Marc Gasol,2564753.0
586,Marc Gasol,2692991.0
587,Markieff Morris,1620564.0
588,Montrezl Harrell,9258000.0
589,Montrezl Harrell,9720900.0
590,Quinn Cook,1000000.0
591,Quinn Cook  W,797183.0
592,Talen HortonTucker,1517981.0
593,Talen HortonTucker,1897476.0
594,Wesley Matthews,3623000.0
595,Brandon Clarke,2602920.0
596,Brandon Clarke,2726880.0
597,Brandon Clarke,4343920.0
598,Brandon Clarke,6259589.0
599,Dakari Johnson,459414.0
600,De'Anthony Melton,9571712.0
601,De'Anthony Melton,8805976.0
602,De'Anthony Melton,8250000.0
603,De'Anthony Melton,8000000.0
604,Desmond Bane,1936440.0
605,Desmond Bane,2033160.0
606,Desmond Bane,2130240.0
607,Desmond Bane,3845083.0
608,Desmond Bane,5767625.0
609,Dillon Brooks,11400000.0
610,Dillon Brooks,12200000.0
611,Dillon Brooks,11400000.0
612,Dion Waiters,12650000.0
613,Gorgui Dieng,16587688.0
614,Grayson Allen,2545320.0
615,Grayson Allen,4054695.0
616,Grayson Allen,5842815.0
617,Ja Morant,9166800.0
618,Ja Morant,9603360.0
619,Ja Morant,12119440.0
620,Ja Morant,15815869.0
621,Jaren Jackson Jr,7257360.0
622,Jaren Jackson Jr,9180560.0
623,Jaren Jackson Jr,12109159.0
624,John Konchar,2100000.0
625,John Konchar,2200000.0
626,John Konchar,2300000.0
627,John Konchar,2400000.0
628,Jonas Valanciunas,15000000.0
629,Jonas Valanciunas,14000000.0
630,Jontay Porter,1900000.0
631,Jontay Porter,1950000.0
632,Jontay Porter,2000000.0
633,Justise Winslow,13000000.0
634,Justise Winslow,13000000.0
635,Kyle Anderson,9505100.0
636,Kyle Anderson,9937150.0
637,Mario Hezonja,1977011.0
638,Marko Guduric,2750000.0
639,Tim Frazier,110998.0
640,Tyus Jones,8817143.0
641,Tyus Jones,8376286.0
642,Xavier Tillman Sr,1300000.0
643,Xavier Tillman Sr,1517981.0
644,Xavier Tillman Sr,1782621.0
645,Xavier Tillman Sr,1930681.0
646,AJ Hammons,350087.0
647,Andre Iguodala,15000000.0
648,Andre Iguodala,15000000.0
649,Bam Adebayo,5115492.0
650,Bam Adebayo,28103500.0
651,Bam Adebayo,30351780.0
652,Bam Adebayo,32600060.0
653,Bam Adebayo,34848340.0
654,Duncan Robinson,1663861.0
655,Duncan Robinson,4736102.0
656,Gabe Vincent,1669178.0
657,Goran Dragic,18000000.0
658,Goran Dragic,19440000.0
659,Jimmy Butler,34379100.0
660,Jimmy Butler,36016200.0
661,Jimmy Butler,37653300.0
662,Kendrick Nunn,1663861.0
663,Kendrick Nunn,4736102.0
664,KZ Okpala,1517981.0
665,KZ Okpala,1782621.0
666,KZ Okpala,2228276.0
667,Nemanja Bjelica,7150000.0
668,Precious Achiuwa,2582160.0
669,Precious Achiuwa,2711280.0
670,Precious Achiuwa,2840160.0
671,Precious Achiuwa,4379527.0
672,Precious Achiuwa,6275862.0
673,Ryan Anderson,5214583.0
674,Ryan Anderson,5214583.0
675,Trevor Ariza,12800000.0
676,Tyler Herro,3822240.0
677,Tyler Herro,4004280.0
678,Tyler Herro,5722116.0
679,Tyler Herro,7913686.0
680,Udonis Haslem,1620564.0
681,Victor Oladipo,21000000.0
682,Bobby Portis,3623000.0
683,Bobby Portis,3804150.0
684,Brook Lopez,12697675.0
685,Brook Lopez,13302325.0
686,Brook Lopez,13906976.0
687,Bryn Forbes,2337145.0
688,Bryn Forbes,2454002.0
689,Donte DiVencenzo,3044160.0
690,Donte DiVencenzo,4675830.0
691,Donte DiVencenzo,6602272.0
692,Giannis Antetokounmpo,27528088.0
693,Giannis Antetokounmpo,39344900.0
694,Giannis Antetokounmpo,42492492.0
695,Giannis Antetokounmpo,45640676.0
696,Giannis Antetokounmpo,48787676.0
697,Jeff Teague,510589.0
698,Jon Leuer,3169348.0
699,Jon Leuer,3169347.0
700,Jordan Nwora,898310.0
701,Jordan Nwora,1517981.0
702,Jordan Nwora,1919247.0
703,Jrue Holiday,25876111.0
704,Jrue Holiday,31051333.0
705,Jrue Holiday,33535440.0
706,Jrue Holiday,36019547.0
707,Jrue Holiday,38503654.0
708,Khris Middleton,33051724.0
709,Khris Middleton,35500000.0
710,Khris Middleton,37948276.0
711,Khris Middleton,40396552.0
712,Larry Sanders,1865546.0
713,Larry Sanders,1865547.0
714,Pat Connaughton,4938273.0
715,Pat Connaughton,5333334.0
716,Pat Connaughton,5728393.0
717,PJ Tucker,7969537.0
718,Rodions Kurucs,1780152.0
719,Rodions Kurucs,1861068.0
720,Sam Merrill,898310.0
721,Sam Merrill,1517981.0
722,Sam Merrill,1919247.0
723,Thanasis Antetokounmpo,1701593.0
724,Thanasis Antetokounmpo,2126991.0
725,Anthony Edwards,9757440.0
726,Anthony Edwards,10245480.0
727,Anthony Edwards,10733400.0
728,Anthony Edwards,13534817.0
729,Anthony Edwards,17595262.0
730,Cole Aldrich,685340.0
731,D'Angelo Russell,28649250.0
732,D'Angelo Russell,30013500.0
733,D'Angelo Russell,31377750.0
734,Ed Davis,5005350.0
735,Jaden McDaniels,1964760.0
736,Jaden McDaniels,2063280.0
737,Jaden McDaniels,2161440.0
738,Jaden McDaniels,3901399.0
739,Jaden McDaniels,5813085.0
740,Jake Layman,3761085.0
741,Jake Layman,3940184.0
742,Jarred Vanderbilt,1663861.0
743,Jarred Vanderbilt,2079826.0
744,Jarrett Culver,6104280.0
745,Jarrett Culver,6395160.0
746,Jarrett Culver,8109063.0
747,Jarrett Culver,10817490.0
748,Jaylen Nowell,1517981.0
749,Jaylen Nowell,1782621.0
750,Jaylen Nowell,1930681.0
751,Jordan McLaughlin,1669178.0
752,Josh Okogie,2651040.0
753,Josh Okogie,4087904.0
754,Josh Okogie,5857966.0
755,Juancho Hernangomez,6493000.0
756,Juancho Hernangomez,7012440.0
757,Juancho Hernangomez,7531880.0
758,KarlAnthony Towns,29467800.0
759,KarlAnthony Towns,31650600.0
760,KarlAnthony Towns,33833400.0
761,KarlAnthony Towns,36016200.0
762,Malik Beasley,13425895.0
763,Malik Beasley,14491964.0
764,Malik Beasley,15558035.0
765,Malik Beasley,16524106.0
766,Naz Reid,1517981.0
767,Naz Reid,1782621.0
768,Naz Reid,1930681.0
769,Ricky Rubio,17000000.0
770,Ricky Rubio,17800000.0
771,Brandon Ingram,27285000.0
772,Brandon Ingram,29467800.0
773,Brandon Ingram,31650600.0
774,Brandon Ingram,33833400.0
775,Brandon Ingram,36016200.0
776,Eric Bledsoe,16875000.0
777,Eric Bledsoe,18125000.0
778,Eric Bledsoe,19375000.0
779,Isaiah Thomas,110998.0
780,James Johnson,16047100.0
781,Jaxson Hayes,5105160.0
782,Jaxson Hayes,5348280.0
783,Jaxson Hayes,6803012.0
784,Jaxson Hayes,9170460.0
785,Josh Hart,3491159.0
786,Josh Hart,5236739.0
787,Kira Lewis Jr,3640200.0
788,Kira Lewis Jr,3822240.0
789,Kira Lewis Jr,4004280.0
790,Kira Lewis Jr,5722116.0
791,Kira Lewis Jr,7913686.0
792,Lonzo Ball,11003782.0
793,Lonzo Ball,14359936.0
794,Nickeil AlexanderWalker,3113160.0
795,Nickeil AlexanderWalker,3261480.0
796,Nickeil AlexanderWalker,5009633.0
797,Nickeil AlexanderWalker,7073602.0
798,Sindarius Thornwell,721484.0
799,Sindarius Thornwell  E,110998.0
800,Steven Adams,29592695.0
801,Steven Adams,17073171.0
802,Steven Adams,17926829.0
803,Wenyen Gabriel,1620564.0
804,Wenyen Gabriel,1762796.0
805,Wesley Iwundu,1678854.0
806,Wesley Iwundu,1824003.0
807,Willy Hernangomez,1620564.0
808,Zion Williamson,10245480.0
809,Zion Williamson,10733400.0
810,Zion Williamson,13534817.0
811,Zion Williamson,17595262.0
812,Alec Burks,6000000.0
813,Andrew White,25000.0
814,Derrick Rose,7682926.0
815,Elfrid Payton,4767000.0
816,Frank Ntilikina,6176578.0
817,Frank Ntilikina,8326027.0
818,Immanuel Quickley,2105520.0
819,Immanuel Quickley,2210640.0
820,Immanuel Quickley,2316240.0
821,Immanuel Quickley,4171548.0
822,Immanuel Quickley,6128004.0
823,Jacob Evans,2017320.0
824,Jared Harper,1669178.0
825,Joakim Noah,6431667.0
826,Joakim Noah,6431667.0
827,John Henson,110998.0
828,Julius Randle,18900000.0
829,Julius Randle,19800000.0
830,Kevin Knox,4588680.0
831,Kevin Knox,5845978.0
832,Kevin Knox,7921300.0
833,Mitchell Robinson,1663861.0
834,Mitchell Robinson,1802057.0
835,Nerlens Noel,5000000.0
836,Norvel Pelle,99020.0
837,Obi Toppin,4862040.0
838,Obi Toppin,5105160.0
839,Obi Toppin,5348280.0
840,Obi Toppin,6803012.0
841,Obi Toppin,9170460.0
842,Omari Spellman,1988280.0
843,Reggie Bullock,4200000.0
844,RJ Barrett,8231760.0
845,RJ Barrett,8623920.0
846,RJ Barrett,10900635.0
847,RJ Barrett,14301633.0
848,Taj Gibson,1442968.0
849,Terrance Ferguson,3944013.0
850,Tyler Hall,25000.0
851,Vincent Poirier,2619207.0
852,Wayne Ellington,1000000.0
853,Admiral Schofield,1517981.0
854,Admiral Schofield,300000.0
855,Al Horford,27500000.0
856,Al Horford,27000000.0
857,Al Horford,26500000.0
858,Aleksej Pokuesvski,2964840.0
859,Aleksej Pokuesvski,3113160.0
860,Aleksej Pokuesvski,3261480.0
861,Aleksej Pokuesvski,5009633.0
862,Aleksej Pokuesvski,7073602.0
863,Austin Rivers,3500000.0
864,Darius Bazley,2399160.0
865,Darius Bazley,2513040.0
866,Darius Bazley,4264629.0
867,Darius Bazley,6205035.0
868,Darius Miller,7000000.0
869,Frank Jackson,250000.0
870,Isaiah Roby,1517981.0
871,Isaiah Roby,1782621.0
872,Isaiah Roby,1930681.0
873,Josh Gray,1620564.0
874,Justin Jackson,5029650.0
875,Justin Robinson,99020.0
876,Kenrich Williams,2000000.0
877,Kenrich Williams,2000000.0
878,Kenrich Williams,2000000.0
879,Kyle Singler,999200.0
880,Kyle Singler,999200.0
881,Kyle Singler,999200.0
882,Luguentz Dort,1517981.0
883,Luguentz Dort,1782621.0
884,Luguentz Dort,1930681.0
885,Meyers Leonard,9400000.0
886,Mike Muscala,2283034.0
887,Moses Brown,1250000.0
888,Moses Brown,1701593.0
889,Moses Brown,1846738.0
890,Moses Brown,1997718.0
891,Patrick Patterson,737067.0
892,Patrick Patterson,737066.0
893,Shai GilgeousAlexander,4141320.0
894,Shai GilgeousAlexander,5495532.0
895,Shai GilgeousAlexander,7523383.0
896,Svi Mykhailiuk,1663861.0
897,Svi Mykhailiuk,2079826.0
898,Theo Maledon,2000000.0
899,Theo Maledon,2000000.0
900,Theo Maledon,1900000.0
901,Theo Maledon,1930681.0
902,TJ Leaf,4326825.0
903,Tony Bradley,3542060.0
904,Tony Bradley,5277669.0
905,Ty Jerome,2303040.0
906,Ty Jerome,2412840.0
907,Ty Jerome,4220057.0
908,Ty Jerome,6169723.0
909,Zylan Cheatham,1445697.0
910,Chasson Randle,1789256.0
911,Chuma Okeke,3121080.0
912,Chuma Okeke,3277080.0
913,Chuma Okeke,3433320.0
914,Chuma Okeke,5266713.0
915,Chuma Okeke,7399732.0
916,Cole Anthony,3285120.0
917,Cole Anthony,3449400.0
918,Cole Anthony,3613680.0
919,Cole Anthony,5539771.0
920,Cole Anthony,7744600.0
921,Devin Cannady,61528.0
922,Dwayne Bacon,1678854.0
923,Dwayne Bacon,1824003.0
924,Gary Harris,19160714.0
925,Gary Harris,20482143.0
926,James Ennis,3300000.0
927,Jeff Teague,1620564.0
928,Jonathan Isaac,7362566.0
929,Jonathan Isaac,17400000.0
930,Jonathan Isaac,17400000.0
931,Jonathan Isaac,17400000.0
932,Jonathan Isaac,17400000.0
933,Khem Birch,3000000.0
934,Markelle Fultz,12288697.0
935,Markelle Fultz,16500000.0
936,Markelle Fultz,16500000.0
937,Markelle Fultz,17000000.0
938,Michael CarterWilliams,3300000.0
939,Michael CarterWilliams,3300000.0
940,Mo Bamba,5969040.0
941,Mo Bamba,7568743.0
942,Mo Bamba,10096703.0
943,Otto Porter,28489239.0
944,RJ Hampton,2193480.0
945,RJ Hampton,2303040.0
946,RJ Hampton,2412840.0
947,RJ Hampton,4220057.0
948,RJ Hampton,6169723.0
949,Terrence Ross,13500000.0
950,Terrence Ross,12500000.0
951,Terrence Ross,11500000.0
952,Wendell Carter Jr,5448840.0
953,Wendell Carter Jr,6920027.0
954,Wendell Carter Jr,9279756.0
955,Ben Simmons,30559200.0
956,Ben Simmons,33003936.0
957,Ben Simmons,35448672.0
958,Ben Simmons,37893408.0
959,Ben Simmons,40338144.0
960,Danny Green,15365853.0
961,Dwight Howard,1620564.0
962,Furkan Korkmaz,1762796.0
963,George Hill,9590602.0
964,George Hill,10047297.0
965,Ignas Brazdelkis,1517981.0
966,Ignas Brazdelkis,1782621.0
967,Ignas Brazdelkis,2228276.0
968,Isaiah Joe,898310.0
969,Isaiah Joe,1517981.0
970,Isaiah Joe,1782621.0
971,Isaiah Joe,2228276.0
972,Joel Embiid,29542010.0
973,Joel Embiid,31579390.0
974,Joel Embiid,33616770.0
975,Justin Anderson,125000.0
976,Matisse Thybulle,2711280.0
977,Matisse Thybulle,2840160.0
978,Matisse Thybulle,4379527.0
979,Matisse Thybulle,6275862.0
980,Mike Scott,5005350.0
981,Paul Reed Jr,609128.0
982,Paul Reed Jr,1517981.0
983,Paul Reed Jr,1782621.0
984,Paul Reed Jr,2228276.0
985,Seth Curry,7834449.0
986,Seth Curry,8207518.0
987,Seth Curry,8496653.0
988,Shake Milton,1701593.0
989,Shake Milton,1846738.0
990,Shake Milton,1997718.0
991,Tobias Harris,34358850.0
992,Tobias Harris,35995950.0
993,Tobias Harris,37633050.0
994,Tobias Harris,39270150.0
995,Tyrese Maxey,2478840.0
996,Tyrese Maxey,2602920.0
997,Tyrese Maxey,2726880.0
998,Tyrese Maxey,4343920.0
999,Tyrese Maxey,6259589.0
1000,Abdel Nader,1752950.0
1001,Cameron Johnson,4235160.0
1002,Cameron Johnson,4437000.0
1003,Cameron Johnson,5887899.0
1004,Cameron Johnson,8060534.0
1005,Cameron Payne,1977011.0
1006,Chris Paul,41358814.0
1007,Chris Paul,44211146.0
1008,Damian Jones,785285.0
1009,Dario Saric,9250000.0
1010,Dario Saric,8510000.0
1011,Dario Saric,9240000.0
1012,Deandre Ayton,10018200.0
1013,Deandre Ayton,12632950.0
1014,Deandre Ayton,16422835.0
1015,Devin Booker,29467800.0
1016,Devin Booker,31650600.0
1017,Devin Booker,33833400.0
1018,Devin Booker,36016200.0
1019,E'Twaun Moore,1620564.0
1020,Frank Kaminsky,1620564.0
1021,Jae Crowder,9258000.0
1022,Jae Crowder,9720900.0
1023,Jae Crowder,10183800.0
1024,Jalen Smith,4245720.0
1025,Jalen Smith,4458000.0
1026,Jalen Smith,4670160.0
1027,Jalen Smith,5954454.0
1028,Jalen Smith,8109966.0
1029,Jevon Carter,3925000.0
1030,Jevon Carter,3650000.0
1031,Jevon Carter,3925000.0
1032,Langston Galloway,1620564.0
1033,Mikal Bridges,4359000.0
1034,Mikal Bridges,5557725.0
1035,Mikal Bridges,7569621.0
1036,Torrey Craig,1620564.0
1037,Anderson Varejao,1913345.0
1038,Andrew Nicholson,2844430.0
1039,Andrew Nicholson,2844429.0
1040,Andrew Nicholson,2844429.0
1041,Andrew Nicholson,2844429.0
1042,Anfernee Simons,2252040.0
1043,Anfernee Simons,3938818.0
1044,Anfernee Simons,5758552.0
1045,Carmelo Anthony,1620564.0
1046,CJ Elleby,898310.0
1047,CJ Elleby,1517981.0
1048,CJ Elleby,1919247.0
1049,CJ McCollum,29354152.0
1050,CJ McCollum,30864198.0
1051,CJ McCollum,33333333.0
1052,CJ McCollum,35802469.0
1053,Damian Lillard,31626953.0
1054,Damian Lillard,39344900.0
1055,Damian Lillard,42492492.0
1056,Damian Lillard,45640084.0
1057,Damian Lillard,48787676.0
1058,Derrick Jones,9258000.0
1059,Derrick Jones,9720900.0
1060,Enes Kanter,5005350.0
1061,Harry Giles,1620564.0
1062,Jusuf Nurkic,12888889.0
1063,Jusuf Nurkic,12000000.0
1064,Nassir Little,2210640.0
1065,Nassir Little,2316240.0
1066,Nassir Little,4171548.0
1067,Nassir Little,6128004.0
1068,Norman Powell,10865952.0
1069,Norman Powell,11615328.0
1070,Robert Covington,12138345.0
1071,Robert Covington,12975471.0
1072,Zach Collins,5406255.0
1073,Zach Collins,7363319.0
1074,Buddy Hield,24701834.0
1075,Buddy Hield,22768890.0
1076,Buddy Hield,20835947.0
1077,Buddy Hield,18903003.0
1078,Chimezie Metu,50000.0
1079,Chris Silva,1517981.0
1080,Chris Silva,1782621.0
1081,Chris Silva,2228276.0
1082,De'Aaron Fox,8099627.0
1083,De'Aaron Fox,28103500.0
1084,De'Aaron Fox,30351780.0
1085,De'Aaron Fox,32600060.0
1086,De'Aaron Fox,34848340.0
1087,Delon Wright,9000000.0
1088,Delon Wright,8526316.0
1089,Glenn Robinson III,930930.0
1090,Harrison Barnes,22215909.0
1091,Harrison Barnes,20284091.0
1092,Harrison Barnes,18352273.0
1093,Hassan Whiteside,1620564.0
1094,Jabari Parker,6500000.0
1095,Jahmi'us Ramsey,1000000.0
1096,Jahmi'us Ramsey,1517981.0
1097,Jahmi'us Ramsey,1782621.0
1098,Jahmi'us Ramsey,2228276.0
1099,Justin James,1517981.0
1100,Justin James,1782621.0
1101,Justin James,2228276.0
1102,Marvin Bagley III,8963640.0
1103,Marvin Bagley III,11312114.0
1104,Marvin Bagley III,14762309.0
1105,Maurice Harkless,3623000.0
1106,Mfiondu Kabengele,2075880.0
1107,Norvel Pelle,99020.0
1108,Richaun Holmes,5005350.0
1109,Robert Woodard II,1500000.0
1110,Robert Woodard II,1517981.0
1111,Robert Woodard II,1782621.0
1112,Robert Woodard II,1930631.0
1113,Terence Davis,1517981.0
1114,Terence Davis,1897476.0
1115,Tyrese Haliburton,3831840.0
1116,Tyrese Haliburton,4023600.0
1117,Tyrese Haliburton,4215120.0
1118,Tyrese Haliburton,5808435.0
1119,Tyrese Haliburton,7992407.0
1120,Cameron Reynolds,110998.0
1121,Dejounte Murray,14286000.0
1122,Dejounte Murray,15428880.0
1123,Dejounte Murray,16571120.0
1124,Dejounte Murray,17714000.0
1125,DeMar DeRozan,27739975.0
1126,DeMarre Carroll,6119676.0
1127,DeMarre Carroll,1242340.0
1128,Derrick White,3516284.0
1129,Derrick White,15678571.0
1130,Derrick White,16892857.0
1131,Derrick White,18107143.0
1132,Derrick White,19321429.0
1133,Devin Vassell,4033440.0
1134,Devin Vassell,4235160.0
1135,Devin Vassell,4437000.0
1136,Devin Vassell,5887899.0
1137,Devin Vassell,8060534.0
1138,Drew Eubanks,1620564.0
1139,Drew Eubanks,1762796.0
1140,Drew Eubanks,1910860.0
1141,Gorgui Dieng,1000000.0
1142,Jakob Poeltl,8101852.0
1143,Jakob Poeltl,8750000.0
1144,Jakob Poeltl,9398148.0
1145,Keldon Johnson,2048040.0
1146,Keldon Johnson,2145720.0
1147,Keldon Johnson,3873025.0
1148,Keldon Johnson,5809538.0
1149,LaMarcus Aldridge,16750000.0
1150,Lonnie Walker,2892000.0
1151,Lonnie Walker,4447896.0
1152,Lonnie Walker,6311564.0
1153,Luka Samanic,2824320.0
1154,Luka Samanic,2959080.0
1155,Luka Samanic,4556983.0
1156,Luka Samanic,6498258.0
1157,Marquese Chriss,1824003.0
1158,Patty Mills,13535714.0
1159,Quinndary Weatherspoon,1669178.0
1160,Rudy Gay,14500000.0
1161,Tre Jones,898310.0
1162,Tre Jones,1517981.0
1163,Tre Jones,1782621.0
1164,Tre Jones,2228276.0
1165,Trey Lyles,5500000.0
1166,Alex Len,2258000.0
1167,Aron Baynes,7000000.0
1168,Aron Baynes,7350000.0
1169,Chris Boucher,6500000.0
1170,Chris Boucher,7020000.0
1171,DeAndre' Bembry,1737145.0
1172,DeAndre' Bembry,1977011.0
1173,Donta Hall,99020.0
1174,Fred VanVleet,21250000.0
1175,Fred VanVleet,19675926.0
1176,Fred VanVleet,21250000.0
1177,Fred VanVleet,22824074.0
1178,Gary Trent Jr,1663861.0
1179,Gary Trent Jr,2079826.0
1180,Henry Ellenson,110998.0
1181,Kyle Lowry,30500000.0
1182,Malachi Flynn,1950600.0
1183,Malachi Flynn,2048040.0
1184,Malachi Flynn,2145720.0
1185,Malachi Flynn,3873025.0
1186,Malachi Flynn,5809538.0
1187,OG Anunoby,3872215.0
1188,OG Anunoby,16071429.0
1189,OG Anunoby,17357143.0
1190,OG Anunoby,18642857.0
1191,OG Anunoby,19928571.0
1192,Oshae Brissett,300000.0
1193,Pascal Siakam,30559200.0
1194,Pascal Siakam,33003936.0
1195,Pascal Siakam,35448672.0
1196,Pascal Siakam,37893408.0
1197,Patrick McCaw,4000000.0
1198,Paul Watson,1445697.0
1199,Paul Watson,1701593.0
1200,Paul Watson,2126991.0
1201,Rodney Hood,10047450.0
1202,Rodney Hood,10851246.0
1203,Stanley Johnson,3804150.0
1204,Bojan Bogdanovic,17850000.0
1205,Bojan Bogdanovic,18700000.0
1206,Bojan Bogdanovic,19550000.0
1207,Derrick Favors,9258000.0
1208,Derrick Favors,9720900.0
1209,Derrick Favors,10183800.0
1210,Donovan Mitchell,5195501.0
1211,Donovan Mitchell,28103500.0
1212,Donovan Mitchell,30351780.0
1213,Donovan Mitchell,32600060.0
1214,Donovan Mitchell,34848340.0
1215,Elijah Hughes,898310.0
1216,Elijah Hughes,1517981.0
1217,Elijah Hughes,1919247.0
1218,Ersan Ilyasova,754783.0
1219,Georges Niang,1783557.0
1220,Jarrell Brantley,1669178.0
1221,Joe Ingles,10863637.0
1222,Joe Ingles,13036364.0
1223,Jordan Clarkson,11500000.0
1224,Jordan Clarkson,12420000.0
1225,Jordan Clarkson,13340000.0
1226,Jordan Clarkson,14260000.0
1227,Juwan Morgan,1517981.0
1228,Juwan Morgan,1897476.0
1229,Matt Thomas,1517981.0
1230,Matt Thomas,1782621.0
1231,Matt Thomas,2228276.0
1232,Mike Conley,34502132.0
1233,Miye Oni,1517981.0
1234,Miye Oni,1782621.0
1235,Miye Oni,2228276.0
1236,Royce O'Neale,8500000.0
1237,Royce O'Neale,8800000.0
1238,Royce O'Neale,9200000.0
1239,Royce O'Neale,9500000.0
1240,Rudy Gobert,27525281.0
1241,Rudy Gobert,35344828.0
1242,Rudy Gobert,38172414.0
1243,Rudy Gobert,41000000.0
1244,Rudy Gobert,43827586.0
1245,Shaquille Harrison,770433.0
1246,Udoka Azubuike,1977000.0
1247,Udoka Azubuike,2075880.0
1248,Udoka Azubuike,2174880.0
1249,Udoka Azubuike,3923484.0
1250,Udoka Azubuike,5818527.0
1251,Alex Len,1265372.0
1252,Anthony Gill,898310.0
1253,Anthony Gill,1517981.0
1254,Anthony Gill,1919247.0
1255,Anzejs Pasecniks,374297.0
1256,Bradley Beal,28751774.0
1257,Bradley Beal,33724200.0
1258,Bradley Beal,36422136.0
1259,Chandler Hutchison,2443440.0
1260,Chandler Hutchison,4019459.0
1261,Chandler Hutchison,5820177.0
1262,Daniel Gafford,1517981.0
1263,Daniel Gafford,1782621.0
1264,Daniel Gafford,1930681.0
1265,Davis Bertans,15000000.0
1266,Davis Bertans,16000000.0
1267,Davis Bertans,16000000.0
1268,Davis Bertans,17000000.0
1269,Davis Bertans,16000000.0
1270,Deni Avdija,4469160.0
1271,Deni Avdija,4692840.0
1272,Deni Avdija,4916160.0
1273,Deni Avdija,6263188.0
1274,Deni Avdija,8486620.0
1275,Garrison Mathews,1669178.0
1276,Isaac Bonga,1663861.0
1277,Isaac Bonga,2079826.0
1278,Ish Smith,6000000.0
1279,Jerome Robinson,3737520.0
1280,Jordan Bell,110998.0
1281,Raul Neto,1620564.0
1282,Robin Lopez,7300000.0
1283,Rui Hachimura,4692840.0
1284,Rui Hachimura,4916160.0
1285,Rui Hachimura,6263188.0
1286,Rui Hachimura,8486620.0
1287,Russell Westbrook,41358814.0
1288,Russell Westbrook,44211146.0
1289,Russell Westbrook,47063478.0
1290,Thomas Bryant,8333333.0
1291,Thomas Bryant,8666667.0
